property_id,address,city,zip_code,property_type,bedrooms,bathrooms,sqft,list_price,year_built,neighborhood,status,listing_date,agent_id
PROP-0001,7370 River Rd,Parkview,84038,House,5,1,,1268597.0,1988.0,Riverside,Sold,2025-12-24,AGT-016
PROP-0002,960 Park Blvd,Parkview,62393,House,,2,4859.0,835503.0,1955.0,Oakwood,,2025-10-07,AGT-004
PROP-0003,5291 Hill Dr,Parkview,76081,House,3,1,4882.0,487283.0,2018.0,Hillside,Pending,,AGT-017
PROP-0004,5834 Oak Ave,Springfield,39430,Condo,3,2.5,3598.0,733117.0,2013.0,Downtown,For Sale,,AGT-001
PROP-0005,566 Park Blvd,Parkview,85532,Villa,4,,4214.0,951151.0,1986.0,Downtown,Pending,2025-10-25,AGT-011
PROP-0006,5678 Hill Dr,Springfield,37788,House,5,2,4413.0,550782.0,2018.0,Seaside,For Sale,2025-07-28,AGT-017
PROP-0007,8422 Hill Dr,Parkview,58543,House,3,1,1935.0,174042.0,2015.0,Greenfield,Sold,2025-04-17,AGT-009
PROP-0008,869 River Rd,Oakwood,23919,Condo,3,1,1005.0,,,Parkview,For Sale,2026-03-15,AGT-016
PROP-0009,7049 Oak Ave,Riverside,79346,Villa,3,2,4250.0,1381266.0,2013.0,Parkview,Sold,2025-06-21,AGT-002
PROP-0010,5411 River Rd,Springfield,49974,Condo,4,1.5,4611.0,1011858.0,1983.0,Hillside,Pending,2026-01-03,AGT-008
PROP-0011,6520 Main St,Parkview,26371,Condo,1,1,3351.0,785311.0,1987.0,Midtown,For Sale,2025-09-02,
PROP-0012,4655 Oak Ave,Oakwood,55084,House,4,3,1109.0,,1967.0,Midtown,For Sale,2026-02-05,AGT-017
PROP-0013,6496 River Rd,Riverside,39629,House,3,2,1071.0,959340.0,1950.0,Parkview,For Sale,2025-11-02,
PROP-0014,8766 Park Blvd,Springfield,61184,,4,2,,1299282.0,,Riverside,Sold,,AGT-020
PROP-0015,2658 Oak Ave,Riverside,71916,,1,4,4073.0,521852.0,1976.0,Downtown,For Sale,2025-04-23,AGT-007
PROP-0016,2147 River Rd,Oakwood,83972,House,3,1,,945775.0,1981.0,Downtown,For Sale,2025-07-27,
PROP-0017,2847 Park Blvd,Springfield,72187,,3,,1320.0,1369439.0,2004.0,Parkview,For Sale,2025-12-19,AGT-008
PROP-0018,1999 River Rd,Riverside,22984,Townhouse,4,2,4351.0,743731.0,,Midtown,Sold,2025-09-13,AGT-002
PROP-0019,1628 Park Blvd,Parkview,43039,Apartment,1,4,,810187.0,1983.0,Greenfield,For Sale,2025-10-18,AGT-011
PROP-0020,3656 Park Blvd,Springfield,95431,Condo,3,2.5,4707.0,294771.0,,Oakwood,Pending,2025-05-31,AGT-014
PROP-0021,8938 Hill Dr,Riverside,93691,Condo,3,3,952.0,1158923.0,2005.0,Midtown,For Sale,2026-01-25,AGT-001
PROP-0022,5493 River Rd,Oakwood,68606,Condo,3,,3716.0,810673.0,2005.0,Greenfield,Sold,2025-09-01,AGT-007
PROP-0023,8892 River Rd,Oakwood,20616,Townhouse,4,2,2552.0,1489527.0,1992.0,Hillside,For Sale,2025-08-09,AGT-016
PROP-0024,8533 Oak Ave,Springfield,60072,House,4,,1904.0,326298.0,1991.0,Oakwood,Sold,2025-03-25,AGT-015
PROP-0025,7613 Hill Dr,Riverside,34574,House,4,2,4999.0,415702.0,1967.0,Greenfield,For Sale,2025-04-01,AGT-011
PROP-0026,7141 River Rd,Springfield,13430,Condo,2,2,4294.0,1103847.0,1979.0,Hillside,Pending,2026-02-08,AGT-017
PROP-0027,6335 River Rd,Springfield,22676,Townhouse,4,2,3872.0,1104470.0,2007.0,Greenfield,Off Market,2025-10-19,AGT-006
PROP-0028,9770 River Rd,Riverside,20816,House,3,2.5,966.0,386495.0,,,Off Market,2025-07-29,AGT-009
PROP-0029,875 Park Blvd,Riverside,42733,Townhouse,1,1.5,4464.0,339073.0,1967.0,Seaside,Sold,,
PROP-0030,3252 River Rd,Parkview,95680,,1,2.5,,,1989.0,Midtown,Sold,2026-03-01,AGT-005
PROP-0031,1685 River Rd,Riverside,12050,House,3,2.5,,1346454.0,2014.0,Midtown,Pending,2025-10-21,AGT-004
PROP-0032,3173 Oak Ave,Oakwood,43933,Townhouse,4,3,2163.0,1235610.0,1998.0,Seaside,Sold,2025-04-11,AGT-017
PROP-0033,3943 Hill Dr,Springfield,34951,Condo,4,3,2338.0,1209165.0,1978.0,Hillside,For Sale,2025-08-19,
PROP-0034,6973 River Rd,Springfield,42413,Apartment,4,2,1360.0,791517.0,1958.0,Downtown,Pending,2025-07-13,AGT-013
PROP-0035,261 Oak Ave,Oakwood,44801,House,3,2,974.0,415308.0,,Hillside,Sold,2025-08-08,AGT-019
PROP-0036,1095 River Rd,Riverside,65619,Townhouse,3,2,4960.0,977679.0,2000.0,Seaside,For Sale,2025-05-11,AGT-018
PROP-0037,1116 Hill Dr,Oakwood,42913,Apartment,2,1.5,2297.0,724887.0,,Downtown,For Sale,2025-08-31,AGT-003
PROP-0038,6963 Hill Dr,Oakwood,50600,Villa,3,1,2367.0,1076921.0,,Downtown,For Sale,,AGT-012
PROP-0039,8629 Hill Dr,Parkview,67775,Townhouse,3,2,1168.0,218207.0,1976.0,Riverside,Sold,2026-02-12,AGT-008
PROP-0040,4987 Oak Ave,Oakwood,45400,Condo,1,2,,261426.0,,Seaside,For Sale,2025-06-04,AGT-004
PROP-0041,4959 River Rd,Springfield,14494,Townhouse,2,,3335.0,695726.0,1973.0,,For Sale,2025-06-07,AGT-020
PROP-0042,8671 Hill Dr,Oakwood,90688,Apartment,3,2.5,2624.0,592244.0,2020.0,,For Sale,2025-05-13,AGT-004
PROP-0043,7308 Hill Dr,Springfield,99431,Townhouse,4,2,4186.0,640999.0,2012.0,Parkview,Sold,,AGT-012
PROP-0044,2162 Hill Dr,Springfield,84691,House,,2.5,1792.0,495280.0,,Greenfield,Pending,2025-06-09,AGT-015
PROP-0045,164 Main St,Springfield,53001,Villa,5,1,3186.0,557407.0,2011.0,Midtown,For Sale,2025-06-30,AGT-018
PROP-0046,8106 Main St,Riverside,77364,Townhouse,4,2,2276.0,1445308.0,1971.0,Parkview,For Sale,2025-08-05,AGT-012
PROP-0047,5563 Main St,Parkview,55028,Townhouse,3,2.5,1189.0,425848.0,1978.0,Parkview,For Sale,2025-05-28,AGT-003
PROP-0048,2127 Park Blvd,Springfield,47573,House,4,2,2655.0,915197.0,1991.0,Riverside,Off Market,2025-05-04,AGT-001
PROP-0049,5718 Main St,Springfield,10806,Townhouse,4,2,1458.0,1311328.0,,Greenfield,Sold,,
PROP-0050,491 Park Blvd,Riverside,66638,Condo,2,,2281.0,282886.0,1967.0,Hillside,Sold,2025-12-04,AGT-004
PROP-0051,5992 Oak Ave,Springfield,39757,Townhouse,3,4,1251.0,235166.0,1966.0,Oakwood,For Sale,2025-11-05,AGT-018
PROP-0052,6284 River Rd,Oakwood,44636,House,4,2.5,2337.0,1496419.0,2005.0,Seaside,Pending,2026-01-25,AGT-016
PROP-0053,6378 Main St,Oakwood,90097,Townhouse,3,2.5,1682.0,1014285.0,,Hillside,Sold,2026-01-11,AGT-009
PROP-0054,3204 Hill Dr,Parkview,58280,,3,2.5,3366.0,709073.0,1968.0,Hillside,For Sale,2025-12-31,AGT-005
PROP-0055,2831 Park Blvd,Springfield,34262,House,3,1.5,1174.0,906079.0,1984.0,Seaside,For Sale,2025-12-25,AGT-009
PROP-0056,9862 Main St,Riverside,90435,,2,2,3862.0,216253.0,1950.0,Downtown,For Sale,2025-12-29,AGT-006
PROP-0057,8210 Park Blvd,Oakwood,72211,Condo,3,1,912.0,311081.0,2019.0,Midtown,Pending,2025-10-20,AGT-009
PROP-0058,3940 Hill Dr,Riverside,64842,Apartment,3,2,,1336430.0,,Parkview,Pending,2025-12-19,
PROP-0059,7485 Park Blvd,Riverside,66979,Apartment,1,2.5,2724.0,,1970.0,Seaside,Sold,2026-01-17,AGT-003
PROP-0060,4588 Oak Ave,Oakwood,91470,Townhouse,1,1.5,2224.0,897567.0,2010.0,Seaside,Pending,2025-07-09,AGT-019
PROP-0061,7821 River Rd,Riverside,48197,Townhouse,4,,1316.0,712634.0,1975.0,Parkview,For Sale,2025-08-22,AGT-014
PROP-0062,1584 Park Blvd,Oakwood,51844,Apartment,2,4,1687.0,,2014.0,Parkview,Sold,2025-10-25,AGT-014
PROP-0063,963 Main St,Riverside,74754,Condo,3,3,849.0,498844.0,2013.0,Seaside,Sold,2025-06-18,AGT-001
PROP-0064,8855 Hill Dr,Oakwood,44157,Condo,2,2.5,818.0,278447.0,2008.0,Midtown,For Sale,2025-11-14,AGT-017
PROP-0065,6119 Hill Dr,Springfield,87129,Townhouse,5,4,2273.0,984379.0,1993.0,Midtown,Pending,2025-04-04,AGT-019
PROP-0066,7674 Hill Dr,Parkview,50042,Apartment,2,1,1251.0,,1983.0,Greenfield,For Sale,2025-06-04,AGT-001
PROP-0067,1778 Park Blvd,Oakwood,71665,Apartment,3,3,4565.0,503039.0,2017.0,Riverside,For Sale,2026-02-27,AGT-005
PROP-0068,4736 River Rd,Oakwood,92856,Apartment,5,1,2349.0,342994.0,1965.0,Oakwood,Sold,2025-05-16,
PROP-0069,6768 Park Blvd,Parkview,37376,Condo,4,3,927.0,,1968.0,Greenfield,Sold,2025-06-16,AGT-016
PROP-0070,3257 River Rd,Oakwood,65554,Apartment,2,2,3561.0,459509.0,1999.0,Oakwood,Sold,2026-02-25,AGT-013
PROP-0071,9889 Main St,Oakwood,24199,House,4,4,2215.0,1137626.0,1961.0,Riverside,For Sale,,AGT-010
PROP-0072,2793 River Rd,Riverside,91412,Condo,3,4,,1090335.0,1981.0,Parkview,Pending,2025-05-06,AGT-013
PROP-0073,3727 River Rd,Parkview,60948,House,3,1,3169.0,1109820.0,1950.0,Downtown,Sold,2025-10-11,AGT-018
PROP-0074,5550 Oak Ave,Springfield,83781,Condo,2,2,2141.0,1238129.0,2007.0,Riverside,Sold,2025-10-09,
PROP-0075,5692 Main St,Oakwood,82750,Condo,1,,4345.0,1059210.0,,,,2026-01-28,AGT-019
PROP-0076,1406 Main St,Parkview,76262,Condo,4,2,4602.0,182766.0,1994.0,Parkview,Pending,2025-06-11,AGT-013
PROP-0077,5964 Park Blvd,Riverside,56600,Townhouse,3,4,4454.0,705710.0,1972.0,Hillside,For Sale,2025-11-05,AGT-001
PROP-0078,7626 Park Blvd,Springfield,86898,Condo,3,2.5,1007.0,424349.0,1956.0,,Pending,2025-08-31,AGT-003
PROP-0079,4513 Hill Dr,Parkview,72483,Condo,4,2,3433.0,1226778.0,1976.0,,For Sale,2025-04-07,AGT-007
PROP-0080,763 Park Blvd,Springfield,28297,House,4,2,953.0,998124.0,1985.0,Oakwood,For Sale,2026-02-25,AGT-013
PROP-0081,1595 Main St,Springfield,40448,Condo,2,1.5,4166.0,626963.0,2013.0,Hillside,Sold,2026-01-26,AGT-018
PROP-0082,3863 Main St,Springfield,36172,House,4,3,2318.0,1106228.0,,Midtown,,2025-12-07,AGT-007
PROP-0083,1953 Main St,Oakwood,52874,House,2,2,3400.0,1293413.0,1951.0,Seaside,For Sale,2025-10-16,AGT-017
PROP-0084,6685 River Rd,Oakwood,17657,Townhouse,4,2.5,,506427.0,1987.0,Seaside,Sold,,AGT-008
PROP-0085,1391 Oak Ave,Riverside,94386,Townhouse,4,2,4354.0,959359.0,1978.0,Greenfield,For Sale,,AGT-004
PROP-0086,7654 Main St,Riverside,35425,Townhouse,,2.5,3649.0,1003062.0,2016.0,Seaside,Pending,2026-03-01,AGT-001
PROP-0087,1736 Main St,Parkview,36685,Condo,1,4,2542.0,1429356.0,1983.0,Hillside,Sold,2026-02-02,AGT-006
PROP-0088,798 Main St,Riverside,34578,Condo,1,,4968.0,219518.0,1990.0,Seaside,Sold,2025-04-17,AGT-001
PROP-0089,4837 River Rd,Springfield,38831,Apartment,2,2,4995.0,817565.0,1952.0,Hillside,For Sale,2025-04-01,AGT-001
PROP-0090,954 Hill Dr,Springfield,17906,Condo,2,3,3105.0,1088601.0,1980.0,Midtown,Pending,2026-02-06,AGT-020
PROP-0091,5955 Main St,Oakwood,71413,Condo,2,3,1888.0,172692.0,1956.0,Seaside,,,AGT-013
PROP-0092,6628 Park Blvd,Springfield,64028,House,5,2.5,3794.0,542179.0,2010.0,Downtown,Sold,2025-10-24,
PROP-0093,5349 Hill Dr,Parkview,17287,Condo,2,,2071.0,230152.0,1955.0,Parkview,Sold,2025-03-26,AGT-018
PROP-0094,1807 Oak Ave,Springfield,43660,Condo,2,1.5,1409.0,1158803.0,2020.0,Hillside,Off Market,2025-09-03,AGT-020
PROP-0095,5891 River Rd,Springfield,85758,Condo,4,1,1083.0,481999.0,1979.0,Hillside,For Sale,2026-02-03,AGT-001
PROP-0096,3610 Park Blvd,Parkview,70504,Townhouse,3,4,1891.0,320948.0,2009.0,Seaside,Pending,2026-03-16,AGT-003
PROP-0097,4318 Main St,Riverside,69720,Condo,4,2,882.0,1477148.0,,Hillside,Pending,2025-06-24,AGT-009
PROP-0098,9058 Hill Dr,Riverside,44701,Townhouse,1,3,4291.0,651793.0,2012.0,Midtown,For Sale,2026-02-14,AGT-016
PROP-0099,3031 Oak Ave,Parkview,93300,Apartment,3,4,2893.0,418508.0,2000.0,Downtown,Sold,2025-10-09,AGT-014
PROP-0100,297 Park Blvd,Oakwood,27674,Apartment,1,1,975.0,932259.0,2005.0,Seaside,For Sale,,AGT-002
PROP-0101,6387 Main St,Springfield,93560,Townhouse,1,4,1169.0,326968.0,1981.0,Midtown,Sold,2025-08-21,AGT-009
PROP-0102,9439 Park Blvd,Parkview,33874,,5,2,4290.0,885122.0,1976.0,Seaside,Sold,2025-10-13,AGT-007
PROP-0103,2611 Hill Dr,Springfield,53642,House,2,2.5,2164.0,656995.0,2013.0,Parkview,For Sale,2025-07-27,AGT-019
PROP-0104,759 River Rd,Oakwood,75160,House,3,2.5,4142.0,1183224.0,2007.0,Greenfield,Sold,2025-12-31,AGT-011
PROP-0105,7198 River Rd,Springfield,27602,House,3,4,3226.0,677409.0,1985.0,Hillside,For Sale,,AGT-007
PROP-0106,6646 Oak Ave,Parkview,98801,Townhouse,3,1,3762.0,437635.0,1962.0,Downtown,For Sale,2025-11-11,AGT-008
PROP-0107,2086 Park Blvd,Springfield,35931,Apartment,5,2,4656.0,678036.0,2009.0,Oakwood,For Sale,2026-01-05,AGT-009
PROP-0108,3011 River Rd,Riverside,39192,House,1,3,1864.0,1315123.0,,Downtown,Pending,2025-07-13,AGT-001
PROP-0109,8780 Main St,Oakwood,56542,Villa,4,3,3059.0,901393.0,2023.0,Greenfield,For Sale,2025-09-10,
PROP-0110,2059 Oak Ave,Oakwood,52520,House,,3,2886.0,,1997.0,Riverside,Pending,2026-01-24,AGT-010
PROP-0111,4836 Park Blvd,Oakwood,74772,Villa,3,1,950.0,1114190.0,1987.0,Midtown,Sold,2026-02-23,AGT-006
PROP-0112,8255 Main St,Parkview,68762,Condo,5,2,,1134210.0,1989.0,Midtown,For Sale,2025-11-18,AGT-006
PROP-0113,6716 Oak Ave,Oakwood,60106,House,1,2,3584.0,1191566.0,1966.0,Riverside,Pending,2026-02-09,AGT-020
PROP-0114,5634 Oak Ave,Riverside,91121,Condo,3,3,4964.0,881576.0,2006.0,Seaside,Sold,2025-09-16,AGT-019
PROP-0115,362 River Rd,Parkview,35559,House,2,2,,1037198.0,,Downtown,Sold,2025-05-02,AGT-004
PROP-0116,6387 Oak Ave,Riverside,43742,House,4,1.5,3050.0,1220913.0,2011.0,Parkview,For Sale,2025-05-07,AGT-017
PROP-0117,8915 Main St,Springfield,79669,Condo,,,3810.0,806521.0,2017.0,Downtown,For Sale,2026-01-11,AGT-013
PROP-0118,2149 Main St,Springfield,90199,Apartment,2,1,1984.0,1037099.0,1999.0,Greenfield,For Sale,2025-07-30,AGT-013
PROP-0119,5523 River Rd,Springfield,31754,Condo,4,,2429.0,1106255.0,1989.0,,For Sale,2025-12-08,AGT-014
PROP-0120,4648 Hill Dr,Springfield,13972,Condo,2,3,2473.0,557974.0,1970.0,Riverside,For Sale,2025-10-12,AGT-007
PROP-0121,7258 Main St,Riverside,80831,Townhouse,3,3,3486.0,677466.0,1978.0,Riverside,For Sale,2026-01-22,AGT-012
PROP-0122,7500 Park Blvd,Parkview,51873,Townhouse,3,2,3166.0,1301882.0,1966.0,Midtown,For Sale,,AGT-008
PROP-0123,9974 Park Blvd,Parkview,19903,House,,1,4557.0,1094131.0,1994.0,Hillside,For Sale,2025-09-16,
PROP-0124,4599 Main St,Oakwood,13020,Condo,4,3,1669.0,850270.0,2022.0,Greenfield,For Sale,2025-06-09,AGT-002
PROP-0125,1748 River Rd,Riverside,51755,House,3,3,2711.0,578638.0,1978.0,Parkview,For Sale,2026-01-20,AGT-020
PROP-0126,9737 River Rd,Springfield,95956,House,2,3,1490.0,342458.0,1969.0,Hillside,,2026-03-09,AGT-001
PROP-0127,8545 Park Blvd,Riverside,96988,Townhouse,2,1,3356.0,674608.0,1996.0,Midtown,For Sale,2025-07-21,AGT-004
PROP-0128,2657 Main St,Oakwood,55648,House,2,3,1094.0,827044.0,1958.0,Parkview,Sold,2025-10-20,AGT-011
PROP-0129,198 Main St,Oakwood,19516,Condo,2,3,3643.0,565105.0,1976.0,Greenfield,For Sale,2025-12-28,AGT-020
PROP-0130,3061 Oak Ave,Riverside,12396,Townhouse,5,3,3396.0,1453659.0,1968.0,Greenfield,Off Market,2025-08-27,AGT-019
PROP-0131,2969 Park Blvd,Riverside,94082,House,3,3,4058.0,1153466.0,,Riverside,For Sale,2025-05-20,AGT-009
PROP-0132,1056 Main St,Riverside,29129,Townhouse,3,3,1244.0,196250.0,1975.0,Downtown,,2025-12-12,AGT-017
PROP-0133,8452 River Rd,Parkview,11591,House,2,2.5,1541.0,625147.0,1998.0,,Sold,2025-04-19,AGT-013
PROP-0134,7044 Hill Dr,Springfield,21303,,5,1,3267.0,165216.0,2002.0,Greenfield,For Sale,2025-10-07,AGT-018
PROP-0135,5011 River Rd,Riverside,40561,Condo,4,2,2158.0,1026336.0,1991.0,Downtown,Pending,2025-06-01,AGT-001
PROP-0136,9819 Park Blvd,Riverside,81719,Apartment,1,1,,853803.0,1982.0,Midtown,Sold,2025-06-25,
PROP-0137,4596 Main St,Riverside,96231,Townhouse,4,2,3359.0,,2005.0,Oakwood,For Sale,2025-05-10,AGT-005
PROP-0138,4655 Park Blvd,Oakwood,17314,House,3,2,934.0,264456.0,1998.0,Hillside,Pending,2025-04-14,AGT-018
PROP-0139,8150 Hill Dr,Oakwood,29623,Townhouse,1,1,,,2021.0,Greenfield,Off Market,2025-12-03,AGT-001
PROP-0140,8854 Park Blvd,Parkview,77675,,3,2,4078.0,969497.0,1956.0,Riverside,Sold,2025-04-03,AGT-008
PROP-0141,325 Hill Dr,Springfield,75082,Townhouse,3,1,3874.0,183783.0,1965.0,Greenfield,For Sale,2025-06-30,
PROP-0142,4993 Main St,Parkview,93624,Apartment,2,3,920.0,594718.0,,Riverside,Pending,2026-01-17,AGT-005
PROP-0143,7122 Main St,Springfield,43130,Apartment,5,4,1724.0,641215.0,1950.0,Seaside,Sold,2025-11-10,AGT-019
PROP-0144,8096 Park Blvd,Oakwood,61756,House,4,1,,1058017.0,,Riverside,Pending,2025-07-25,AGT-001
PROP-0145,7783 Park Blvd,Oakwood,36292,House,4,,2868.0,,1965.0,Parkview,Sold,2026-02-28,AGT-007
PROP-0146,7779 Main St,Oakwood,96206,Townhouse,3,2.5,3468.0,193169.0,1978.0,Seaside,For Sale,2025-12-06,AGT-016
PROP-0147,7439 River Rd,Parkview,79274,Condo,3,2,1602.0,788273.0,1955.0,Riverside,Off Market,2025-04-03,AGT-009
PROP-0148,2305 Hill Dr,Riverside,12469,Apartment,4,1,995.0,171067.0,2020.0,Parkview,For Sale,,AGT-011
PROP-0149,1169 Hill Dr,Riverside,63947,Villa,3,2.5,3130.0,,1992.0,Oakwood,For Sale,2025-05-29,AGT-016
PROP-0150,1160 Hill Dr,Oakwood,32534,Condo,1,3,4406.0,652264.0,,Downtown,Sold,2025-05-10,AGT-006
PROP-0151,401 Hill Dr,Riverside,73620,House,3,3,860.0,236803.0,1982.0,Midtown,Sold,2025-06-09,AGT-016
PROP-0152,706 Park Blvd,Riverside,58874,Apartment,4,1,4727.0,629809.0,1994.0,Hillside,For Sale,2026-03-13,AGT-016
PROP-0153,799 Main St,Parkview,59708,House,3,1,3391.0,1411179.0,2016.0,Parkview,Pending,2025-08-30,
PROP-0154,9431 Hill Dr,Springfield,84553,Apartment,1,2,2371.0,294282.0,1975.0,Parkview,For Sale,2025-09-07,AGT-013
PROP-0155,1080 Main St,Oakwood,78344,Condo,4,2,2000.0,681740.0,1963.0,Parkview,Sold,,AGT-005
PROP-0156,3427 Park Blvd,Oakwood,59138,Townhouse,2,1.5,3654.0,1094740.0,1998.0,Downtown,Pending,,
PROP-0157,8419 Oak Ave,Parkview,64302,House,2,2,2036.0,1310038.0,1993.0,Oakwood,For Sale,2026-02-03,AGT-001
PROP-0158,1916 Oak Ave,Parkview,57638,Townhouse,2,3,1829.0,399737.0,1975.0,Oakwood,For Sale,2025-06-03,AGT-018
PROP-0159,5954 Oak Ave,Riverside,88249,Condo,3,4,3394.0,340167.0,1997.0,Midtown,For Sale,,AGT-009
PROP-0160,5542 Oak Ave,Oakwood,12719,Townhouse,4,2,3272.0,1334895.0,,Greenfield,,2025-06-15,AGT-018
PROP-0161,7555 Oak Ave,Springfield,32890,House,3,4,886.0,1425029.0,,Parkview,For Sale,2025-08-20,AGT-004
PROP-0162,7906 Park Blvd,Parkview,87236,Townhouse,2,2,3742.0,1192092.0,1972.0,Downtown,For Sale,2025-06-06,
PROP-0163,1509 Oak Ave,Springfield,46509,Apartment,5,2,4110.0,492221.0,1997.0,Riverside,Sold,2025-04-07,AGT-014
PROP-0164,884 Main St,Springfield,52534,House,5,1.5,3500.0,1329580.0,1969.0,Riverside,Sold,2025-07-24,AGT-014
PROP-0165,7660 Park Blvd,Oakwood,28787,House,5,2.5,2447.0,1004744.0,1952.0,Riverside,For Sale,2025-09-10,AGT-007
PROP-0166,7443 Hill Dr,Oakwood,58845,House,2,,4118.0,701852.0,1989.0,Oakwood,Sold,2025-08-31,AGT-013
PROP-0167,5901 Oak Ave,Parkview,67932,Townhouse,3,2.5,,681985.0,1965.0,Riverside,For Sale,2026-01-10,AGT-010
PROP-0168,6086 Oak Ave,Oakwood,43062,Townhouse,,2,1445.0,1084550.0,1993.0,Riverside,,2026-03-08,AGT-016
PROP-0169,8816 River Rd,Oakwood,85713,Condo,4,2.5,1520.0,,1955.0,Downtown,For Sale,2026-03-15,
PROP-0170,5725 Main St,Oakwood,97263,House,1,1,1298.0,656554.0,1971.0,Downtown,For Sale,2025-05-02,AGT-005
PROP-0171,4880 River Rd,Springfield,70461,Condo,1,4,2473.0,750724.0,,Downtown,Sold,2025-10-08,AGT-017
PROP-0172,2468 River Rd,Parkview,85418,Townhouse,3,2.5,914.0,1007549.0,2000.0,Riverside,For Sale,2025-11-26,AGT-004
PROP-0173,6102 River Rd,Riverside,76672,Condo,5,2,2536.0,1277109.0,1997.0,Oakwood,Sold,2025-06-19,AGT-020
PROP-0174,6019 Park Blvd,Springfield,44832,,3,2.5,3053.0,222684.0,1976.0,Parkview,For Sale,2025-09-26,AGT-018
PROP-0175,3869 Hill Dr,Oakwood,41966,House,3,2.5,4430.0,1415197.0,1997.0,Riverside,For Sale,2025-10-20,AGT-011
PROP-0176,6393 Oak Ave,Springfield,82545,Townhouse,2,1,946.0,925723.0,2018.0,Oakwood,Pending,2025-11-28,AGT-001
PROP-0177,7609 Main St,Oakwood,22987,Condo,4,3,4253.0,1097509.0,2013.0,Hillside,Sold,2025-07-19,AGT-004
PROP-0178,4877 Park Blvd,Oakwood,47311,Condo,4,1.5,3210.0,1104138.0,2018.0,Riverside,Sold,2025-05-01,AGT-009
PROP-0179,2591 Hill Dr,Springfield,41575,Townhouse,3,3,4160.0,861423.0,1986.0,Downtown,For Sale,,AGT-007
PROP-0180,3224 River Rd,Parkview,73852,Townhouse,4,3,818.0,384318.0,,Oakwood,For Sale,2025-03-29,AGT-005
PROP-0181,3151 River Rd,Oakwood,11007,,,3,1248.0,1107726.0,,Seaside,For Sale,2025-09-25,AGT-009
PROP-0182,104 River Rd,Parkview,80981,House,2,2.5,2720.0,826315.0,1975.0,Riverside,For Sale,,AGT-019
PROP-0183,4969 Hill Dr,Riverside,86242,House,3,2.5,4815.0,1018277.0,,Riverside,Sold,2025-04-26,AGT-002
PROP-0184,9283 River Rd,Oakwood,57517,Townhouse,2,1,3407.0,478615.0,1960.0,Greenfield,Pending,2025-10-21,AGT-005
PROP-0185,4242 Park Blvd,Parkview,39257,Townhouse,4,3,4188.0,1443512.0,1984.0,Hillside,For Sale,2025-11-15,AGT-013
PROP-0186,7066 River Rd,Parkview,97272,House,3,2,3487.0,1208302.0,1963.0,Riverside,For Sale,2026-01-26,AGT-015
PROP-0187,6899 Hill Dr,Riverside,52207,House,4,2,4966.0,563461.0,1987.0,Greenfield,For Sale,2026-03-04,AGT-011
PROP-0188,4565 River Rd,Parkview,23281,House,4,2,1616.0,433460.0,1983.0,Midtown,For Sale,2025-10-05,AGT-004
PROP-0189,1793 Park Blvd,Parkview,71246,Apartment,3,1,992.0,428104.0,,Oakwood,For Sale,2026-02-04,AGT-001
PROP-0190,4852 Park Blvd,Riverside,11435,House,5,2.5,,437360.0,1966.0,Parkview,Off Market,2025-05-05,AGT-013
PROP-0191,5277 Oak Ave,Oakwood,36660,Condo,3,1,1050.0,747578.0,1950.0,Riverside,Sold,2026-01-09,AGT-008
PROP-0192,9032 Oak Ave,Parkview,15084,House,2,3,4500.0,1145893.0,1953.0,Downtown,,2025-10-05,AGT-007
PROP-0193,8408 Main St,Parkview,92197,Condo,4,2,1967.0,723340.0,1953.0,Parkview,Pending,,AGT-015
PROP-0194,2031 Hill Dr,Parkview,23507,House,4,1,,1030147.0,1968.0,Downtown,Sold,2025-09-22,AGT-007
PROP-0195,1764 Oak Ave,Springfield,82595,Condo,3,2.5,3479.0,1022318.0,2023.0,Oakwood,Sold,2025-05-12,AGT-011
PROP-0196,612 Oak Ave,Riverside,93807,House,5,1,1304.0,493150.0,1957.0,Greenfield,For Sale,2025-08-05,AGT-006
PROP-0197,7905 Main St,Springfield,55539,Apartment,5,2,3272.0,1293489.0,1960.0,Greenfield,Sold,2025-10-06,AGT-010
PROP-0198,7504 Hill Dr,Riverside,17491,House,2,3,3794.0,419637.0,1961.0,Riverside,Off Market,2025-12-08,AGT-019
PROP-0199,3443 Hill Dr,Oakwood,60192,Condo,,1,1517.0,459378.0,1957.0,Seaside,For Sale,,AGT-011
PROP-0200,4170 Hill Dr,Oakwood,90395,Apartment,2,3,1458.0,636084.0,2002.0,Oakwood,Pending,,AGT-009
PROP-0201,7104 Park Blvd,Parkview,73888,Townhouse,2,1,4564.0,419515.0,1957.0,Greenfield,For Sale,2025-11-05,AGT-013
PROP-0202,3247 Oak Ave,Riverside,83609,Condo,2,1.5,2904.0,382520.0,1963.0,Hillside,Pending,,AGT-004
PROP-0203,1779 Park Blvd,Oakwood,19077,Condo,5,3,3282.0,821986.0,1970.0,Downtown,Off Market,2026-02-06,AGT-013
PROP-0204,7353 Main St,Riverside,30953,Condo,4,2,993.0,1304149.0,,Riverside,Sold,2025-10-11,AGT-005
PROP-0205,9535 Hill Dr,Oakwood,86919,Townhouse,2,1,,469658.0,,Hillside,Sold,2025-07-13,
PROP-0206,2241 River Rd,Springfield,77889,,3,2,3563.0,1434283.0,1956.0,Hillside,Sold,2025-06-11,AGT-008
PROP-0207,6717 Hill Dr,Oakwood,33821,Townhouse,4,2,3139.0,848419.0,1975.0,Midtown,Pending,2025-07-27,
PROP-0208,9927 Main St,Springfield,47567,Townhouse,1,3,3672.0,673116.0,2010.0,Seaside,,2025-05-17,
PROP-0209,7521 Hill Dr,Oakwood,34860,Townhouse,5,2,4977.0,414179.0,1993.0,Hillside,Pending,2025-12-09,AGT-004
PROP-0210,5981 Oak Ave,Parkview,31195,Condo,4,3,3404.0,691529.0,2011.0,Oakwood,Sold,,AGT-009
PROP-0211,2949 River Rd,Springfield,87475,House,3,4,1331.0,1112454.0,,Downtown,Sold,2025-06-15,
PROP-0212,7490 Oak Ave,Oakwood,97266,Townhouse,,2,1434.0,268920.0,1987.0,Greenfield,Pending,2026-03-04,AGT-014
PROP-0213,7005 Park Blvd,Parkview,31427,,3,4,,213014.0,1959.0,Greenfield,Sold,2025-11-07,AGT-016
PROP-0214,2589 Main St,Springfield,37083,House,,2,802.0,335550.0,1970.0,,Pending,2025-07-30,
PROP-0215,9307 Hill Dr,Parkview,97046,Townhouse,4,,4935.0,1183994.0,2006.0,Greenfield,Sold,,AGT-006
PROP-0216,4711 Oak Ave,Riverside,67372,House,4,1,,1194890.0,1982.0,Riverside,For Sale,2025-11-01,AGT-013
PROP-0217,9187 Park Blvd,Riverside,54064,Condo,2,3,3690.0,1283153.0,2005.0,Downtown,For Sale,2025-09-14,AGT-019
PROP-0218,951 River Rd,Springfield,17813,House,5,2,3466.0,1185141.0,1997.0,Parkview,Sold,2025-10-09,AGT-019
PROP-0219,6933 Park Blvd,Oakwood,41598,Condo,3,2,4106.0,810197.0,,Greenfield,For Sale,,AGT-016
PROP-0220,2527 Main St,Springfield,37082,Apartment,2,2.5,2079.0,626379.0,2001.0,Riverside,For Sale,2026-01-29,AGT-008
PROP-0221,4100 Hill Dr,Parkview,39241,Condo,1,3,1470.0,675754.0,1975.0,Downtown,Sold,2025-09-01,
PROP-0222,2838 Park Blvd,Oakwood,54569,Townhouse,3,1,4375.0,496030.0,1972.0,Midtown,For Sale,2026-03-19,AGT-017
PROP-0223,5832 River Rd,Riverside,21745,Apartment,3,1.5,2755.0,238422.0,,Downtown,For Sale,2025-03-30,AGT-011
PROP-0224,8102 Main St,Oakwood,36029,Villa,4,3,1049.0,1165691.0,,Oakwood,Pending,2026-02-03,AGT-004
PROP-0225,5636 Oak Ave,Riverside,23025,House,5,3,4239.0,1491293.0,1980.0,Seaside,,,AGT-009
PROP-0226,1166 River Rd,Oakwood,24288,Condo,1,,3654.0,882722.0,,Riverside,Pending,2025-04-17,AGT-016
PROP-0227,4480 Hill Dr,Oakwood,99186,House,4,3,4371.0,1350847.0,1951.0,Downtown,,2025-11-04,AGT-019
PROP-0228,4207 Oak Ave,Oakwood,16540,,2,,843.0,994156.0,1982.0,Midtown,Sold,,AGT-014
PROP-0229,9045 Park Blvd,Parkview,91958,Villa,5,3,3963.0,1427880.0,1984.0,Seaside,For Sale,2026-01-06,AGT-012
PROP-0230,9067 Hill Dr,Parkview,78878,Condo,4,2,1019.0,965363.0,1967.0,,Sold,2025-05-23,AGT-019
PROP-0231,9917 Oak Ave,Springfield,51846,Apartment,3,1,4313.0,502621.0,2021.0,Hillside,Pending,2025-12-11,AGT-009
PROP-0232,8406 Main St,Springfield,85932,Condo,4,3,3574.0,835493.0,,Downtown,For Sale,2026-02-12,AGT-020
PROP-0233,4074 River Rd,Riverside,27482,Townhouse,3,2.5,2612.0,628705.0,1959.0,Midtown,For Sale,2025-06-21,AGT-002
PROP-0234,925 Hill Dr,Parkview,33411,House,3,1,1603.0,508766.0,1998.0,Parkview,Pending,,AGT-004
PROP-0235,5845 Hill Dr,Riverside,60975,Apartment,4,2,2293.0,257573.0,2007.0,Riverside,For Sale,2026-01-05,AGT-009
PROP-0236,512 River Rd,Springfield,70545,House,3,,3691.0,419152.0,1982.0,Midtown,Sold,2025-07-21,AGT-006
PROP-0237,828 Hill Dr,Riverside,88797,Apartment,3,2.5,4140.0,1446717.0,1989.0,Riverside,For Sale,2025-08-30,AGT-014
PROP-0238,7264 Main St,Springfield,62307,Apartment,3,2,3375.0,1350475.0,1991.0,Hillside,Sold,2025-08-10,AGT-018
PROP-0239,8967 Oak Ave,Parkview,13093,Townhouse,4,2,1754.0,490687.0,1968.0,Downtown,Sold,2025-12-29,AGT-020
PROP-0240,6088 Main St,Oakwood,87258,House,3,1.5,3581.0,709603.0,2003.0,Oakwood,For Sale,,
PROP-0241,3067 Park Blvd,Parkview,32042,Condo,2,2,3147.0,1330594.0,1961.0,Oakwood,For Sale,2025-10-22,
PROP-0242,1222 River Rd,Riverside,62930,House,4,2,3440.0,,2002.0,Parkview,Sold,2025-11-02,AGT-011
PROP-0243,5173 Main St,Riverside,54413,Condo,4,1,4049.0,1083044.0,,Seaside,Pending,2025-05-24,AGT-007
PROP-0244,2243 Hill Dr,Parkview,43756,House,2,3,1657.0,1370851.0,1954.0,Greenfield,Pending,,AGT-019
PROP-0245,3540 Hill Dr,Parkview,63268,Villa,2,2,1183.0,1460015.0,2003.0,Riverside,Sold,2025-08-11,AGT-015
PROP-0246,3014 Main St,Springfield,49214,Townhouse,2,3,3352.0,468953.0,1978.0,Downtown,Pending,2025-07-22,AGT-001
PROP-0247,6017 Main St,Riverside,91871,Condo,3,4,3525.0,586048.0,2007.0,Downtown,For Sale,,AGT-005
PROP-0248,8887 Main St,Riverside,38602,Condo,3,1.5,4788.0,429720.0,1951.0,Riverside,For Sale,2026-03-07,AGT-010
PROP-0249,1465 Hill Dr,Parkview,63331,Condo,4,3,1722.0,1281960.0,,Seaside,For Sale,2026-01-23,AGT-007
PROP-0250,798 Park Blvd,Oakwood,58901,Townhouse,4,2,3846.0,981868.0,1951.0,Midtown,Sold,2026-01-19,AGT-013
PROP-0251,495 Hill Dr,Riverside,73416,Condo,4,4,2030.0,172490.0,,Midtown,For Sale,2026-02-02,AGT-002
PROP-0252,7500 Park Blvd,Oakwood,42196,Villa,3,1.5,2614.0,755108.0,1965.0,Hillside,For Sale,2025-06-07,AGT-004
PROP-0253,4271 Main St,Parkview,15626,Condo,4,3,2163.0,151539.0,,Hillside,Sold,2025-04-25,AGT-015
PROP-0254,2602 River Rd,Parkview,17424,,3,2.5,1003.0,462579.0,2022.0,Parkview,Pending,2025-07-11,AGT-014
PROP-0255,817 River Rd,Springfield,22857,Apartment,,2,1568.0,213965.0,1962.0,Downtown,For Sale,2025-06-17,AGT-014
PROP-0256,5046 Oak Ave,Riverside,29982,House,4,1,3381.0,1296375.0,2023.0,Seaside,For Sale,2025-08-10,AGT-001
PROP-0257,5586 Hill Dr,Oakwood,86961,Villa,2,3,,1341890.0,1990.0,,Sold,2025-09-05,AGT-001
PROP-0258,7366 River Rd,Springfield,11980,House,4,3,2340.0,945379.0,,Oakwood,Sold,2025-08-01,AGT-003
PROP-0259,7292 River Rd,Riverside,58290,Apartment,3,2,2637.0,1454397.0,1956.0,Midtown,Sold,2025-08-05,AGT-009
PROP-0260,5688 River Rd,Springfield,36431,Condo,4,2.5,3749.0,1056395.0,1981.0,Parkview,For Sale,2025-07-17,
PROP-0261,3736 Main St,Parkview,94976,Apartment,1,2,1165.0,1210194.0,1964.0,Riverside,Sold,2026-01-07,AGT-012
PROP-0262,1162 Hill Dr,Riverside,92711,Apartment,2,3,4999.0,812714.0,2019.0,Parkview,Pending,2025-09-14,AGT-001
PROP-0263,7960 Oak Ave,Springfield,36385,Apartment,5,1.5,3178.0,760724.0,1960.0,Hillside,For Sale,2025-12-25,
PROP-0264,5405 Oak Ave,Springfield,48158,Apartment,2,4,4639.0,645919.0,2010.0,Downtown,,,AGT-009
PROP-0265,9448 Park Blvd,Oakwood,33019,Condo,4,2,4147.0,960927.0,,Seaside,For Sale,2026-03-03,AGT-015
PROP-0266,5434 Hill Dr,Springfield,28639,House,2,2,1756.0,1497203.0,1989.0,Greenfield,For Sale,2025-06-15,AGT-005
PROP-0267,4430 Park Blvd,Riverside,95530,Condo,4,1,3305.0,446213.0,1965.0,Hillside,Sold,2025-04-03,AGT-018
PROP-0268,6901 River Rd,Riverside,31563,House,4,1,,1053275.0,2017.0,Oakwood,For Sale,2025-11-10,AGT-003
PROP-0269,7341 Oak Ave,Oakwood,49341,Townhouse,3,2.5,4526.0,1294337.0,1980.0,Greenfield,For Sale,2025-04-12,AGT-007
PROP-0270,2639 Main St,Riverside,15776,Condo,3,2,3628.0,1303276.0,,Midtown,Sold,2025-07-20,
PROP-0271,1642 Hill Dr,Parkview,46444,,2,3,3306.0,723881.0,,Seaside,Pending,,AGT-001
PROP-0272,1291 Oak Ave,Riverside,78916,Townhouse,1,1,1749.0,155209.0,1958.0,Hillside,Off Market,2025-06-25,AGT-005
PROP-0273,7038 Oak Ave,Riverside,18711,Apartment,3,2,3650.0,1467931.0,2003.0,Greenfield,Sold,2025-11-12,AGT-002
PROP-0274,9509 Hill Dr,Springfield,84318,House,4,2,,,1977.0,Riverside,For Sale,,AGT-011
PROP-0275,6272 Hill Dr,Springfield,92970,Apartment,5,1,,880212.0,2018.0,Seaside,Sold,2025-08-25,AGT-018
PROP-0276,5641 Park Blvd,Riverside,95553,Villa,5,1,4304.0,289005.0,2007.0,Downtown,Sold,2025-04-19,AGT-007
PROP-0277,9680 Main St,Oakwood,40707,Condo,4,2,4639.0,346521.0,1991.0,Seaside,Pending,2026-02-02,AGT-003
PROP-0278,1465 River Rd,Springfield,49110,Townhouse,4,2,4226.0,599764.0,2002.0,Hillside,Pending,2025-05-06,AGT-003
PROP-0279,9972 Main St,Oakwood,71788,Apartment,4,2,3996.0,1248589.0,2005.0,Oakwood,Pending,,AGT-012
PROP-0280,1424 River Rd,Riverside,92879,House,2,2.5,3384.0,,2000.0,Hillside,Sold,2025-11-30,AGT-016
PROP-0281,3241 River Rd,Riverside,48827,Condo,5,2.5,,985988.0,1964.0,Riverside,Sold,2025-12-30,AGT-018
PROP-0282,3586 Park Blvd,Parkview,15655,Condo,4,1,818.0,,1954.0,Seaside,For Sale,2025-04-08,AGT-006
PROP-0283,6688 River Rd,Springfield,54859,House,3,2,1372.0,261361.0,2003.0,Greenfield,,2025-12-02,AGT-015
PROP-0284,5401 Park Blvd,Riverside,63625,Condo,2,,3058.0,547172.0,1961.0,Greenfield,For Sale,,AGT-005
PROP-0285,9005 Oak Ave,Parkview,62098,House,3,2.5,1450.0,764673.0,1967.0,Riverside,For Sale,2026-03-03,AGT-017
PROP-0286,4368 Hill Dr,Springfield,25251,House,3,3,3387.0,405658.0,,Seaside,For Sale,2025-04-28,AGT-009
PROP-0287,4949 River Rd,Riverside,10526,House,5,2,2138.0,904085.0,1985.0,Seaside,Pending,2025-10-07,AGT-013
PROP-0288,3809 Oak Ave,Riverside,78760,,3,3,3627.0,985488.0,1958.0,Hillside,Sold,2026-02-28,
PROP-0289,6719 Hill Dr,Springfield,57837,Condo,3,3,3017.0,624718.0,1967.0,Downtown,Sold,2026-03-14,AGT-015
PROP-0290,9186 Main St,Springfield,21536,,,2.5,1837.0,875571.0,2012.0,Seaside,,2025-05-20,AGT-019
PROP-0291,3172 Park Blvd,Springfield,38541,Condo,2,,,1488563.0,1953.0,Greenfield,Off Market,2025-08-26,AGT-018
PROP-0292,604 River Rd,Riverside,89083,Condo,3,1,3761.0,1171911.0,1994.0,Seaside,For Sale,2025-09-11,AGT-004
PROP-0293,7676 Main St,Riverside,61027,Condo,1,1,1898.0,1218203.0,1977.0,Oakwood,For Sale,2026-01-31,AGT-010
PROP-0294,5129 Hill Dr,Parkview,44531,Condo,4,3,4516.0,1421209.0,2018.0,Parkview,Pending,2025-10-06,AGT-015
PROP-0295,233 Oak Ave,Oakwood,18712,House,5,3,,487462.0,1950.0,Riverside,Off Market,2025-08-28,AGT-019
PROP-0296,3727 Hill Dr,Springfield,75455,Townhouse,2,1,3704.0,500046.0,1966.0,Midtown,Sold,,AGT-002
PROP-0297,6416 Hill Dr,Riverside,84744,House,5,2,3305.0,618379.0,1984.0,Midtown,Sold,2025-10-22,AGT-013
PROP-0298,5010 Hill Dr,Riverside,15109,Townhouse,2,1,2478.0,883362.0,1988.0,Riverside,For Sale,2025-11-15,AGT-011
PROP-0299,4275 Hill Dr,Springfield,59268,Townhouse,5,2,2549.0,257449.0,,Greenfield,Pending,2025-04-01,AGT-016
PROP-0300,5448 River Rd,Oakwood,64615,House,4,3,4988.0,222095.0,1972.0,Hillside,Sold,2025-03-23,
PROP-0301,9542 Park Blvd,Springfield,92503,House,4,2.5,4305.0,770740.0,1998.0,,Sold,2025-11-03,AGT-006
PROP-0302,6290 Main St,Oakwood,39759,Apartment,1,2,,1052473.0,2017.0,Oakwood,For Sale,2025-12-19,AGT-012
PROP-0303,3476 Main St,Riverside,95708,Condo,,2,1174.0,1322345.0,1951.0,Riverside,Off Market,2025-08-06,AGT-018
PROP-0304,9688 Park Blvd,Oakwood,70112,House,4,1,1006.0,725610.0,1980.0,Hillside,Sold,2026-02-26,AGT-009
PROP-0305,2803 Main St,Parkview,36589,,3,2,1941.0,605433.0,1997.0,Oakwood,For Sale,2025-06-15,
PROP-0306,7214 River Rd,Riverside,40015,House,4,2.5,3490.0,1496853.0,2004.0,Downtown,Sold,2025-09-03,AGT-011
PROP-0307,1453 River Rd,Parkview,39009,Townhouse,2,,889.0,1283634.0,2006.0,Parkview,Sold,2025-09-14,AGT-008
PROP-0308,7675 River Rd,Springfield,93309,,5,3,3820.0,1350118.0,1964.0,Parkview,Sold,,AGT-002
PROP-0309,4568 Oak Ave,Springfield,72046,House,2,1,1744.0,1497758.0,2013.0,Midtown,Pending,2025-04-05,AGT-018
PROP-0310,6919 Oak Ave,Springfield,36143,House,4,4,4675.0,277572.0,1979.0,Downtown,Sold,,AGT-004
PROP-0311,3819 Oak Ave,Oakwood,16154,House,3,3,,,1998.0,Parkview,Off Market,2025-06-15,AGT-006
PROP-0312,7583 Oak Ave,Riverside,31804,Condo,1,3,3723.0,581436.0,,Downtown,For Sale,2025-05-02,
PROP-0313,639 River Rd,Springfield,51688,House,2,2,4021.0,930296.0,,Seaside,For Sale,2025-10-27,AGT-017
PROP-0314,5064 Main St,Springfield,74288,Townhouse,1,2,3187.0,1264100.0,1993.0,Downtown,For Sale,2025-11-25,AGT-003
PROP-0315,4935 Park Blvd,Riverside,61195,House,3,2,1741.0,,2002.0,Greenfield,Sold,2025-10-30,AGT-003
PROP-0316,7202 Main St,Springfield,30581,Condo,3,1,3366.0,667733.0,,Seaside,Sold,2026-03-09,AGT-011
PROP-0317,5420 Main St,Parkview,62648,,3,1.5,1754.0,1243015.0,1965.0,Parkview,Pending,2025-04-11,AGT-005
PROP-0318,6232 River Rd,Riverside,40087,Apartment,2,1.5,1743.0,241563.0,1966.0,Oakwood,Pending,2025-08-28,AGT-016
PROP-0319,2879 Hill Dr,Riverside,59930,Townhouse,2,2,4127.0,,1968.0,Riverside,Sold,2025-10-02,AGT-003
PROP-0320,1681 Park Blvd,Riverside,42981,Condo,4,3,3059.0,909495.0,1967.0,Hillside,,2025-08-14,AGT-003
PROP-0321,3424 Oak Ave,Parkview,79298,Townhouse,1,2,1264.0,317896.0,1985.0,Greenfield,For Sale,2025-09-21,AGT-006
PROP-0322,7126 Hill Dr,Riverside,56167,Condo,5,1,2030.0,771912.0,2001.0,Greenfield,Pending,2026-01-10,AGT-015
PROP-0323,1938 Main St,Parkview,85304,Condo,5,,4605.0,1167497.0,1993.0,Downtown,Sold,2025-06-13,AGT-003
PROP-0324,109 Oak Ave,Riverside,53408,House,4,4,4656.0,1189272.0,1993.0,Parkview,Sold,2025-08-20,AGT-019
PROP-0325,7518 Hill Dr,Oakwood,49499,Apartment,3,3,1724.0,252166.0,,Seaside,Pending,2026-02-28,AGT-013
PROP-0326,5224 Main St,Springfield,62269,Condo,5,,,1147358.0,2015.0,Seaside,Sold,2025-03-26,AGT-001
PROP-0327,2293 Main St,Oakwood,48559,House,2,2.5,1894.0,570888.0,1959.0,Downtown,For Sale,2025-05-03,AGT-016
PROP-0328,7549 Main St,Springfield,84319,Condo,1,,1562.0,1453692.0,1990.0,Riverside,Sold,2025-08-11,AGT-015
PROP-0329,4025 Park Blvd,Parkview,58787,Condo,2,1,3575.0,1249547.0,2018.0,Hillside,Sold,2025-04-11,AGT-006
PROP-0330,7038 Main St,Oakwood,45488,Apartment,4,2,3955.0,1357739.0,1959.0,Midtown,Pending,2025-08-20,AGT-015
PROP-0331,4100 Oak Ave,Riverside,84441,Townhouse,1,1.5,2840.0,1181259.0,2009.0,Oakwood,Sold,2025-08-28,
PROP-0332,7366 Main St,Springfield,84663,Apartment,3,1.5,2903.0,769674.0,1970.0,Parkview,Off Market,2025-09-10,
PROP-0333,504 River Rd,Springfield,32431,House,,1,909.0,598648.0,,Greenfield,Sold,2025-10-22,AGT-013
PROP-0334,2100 Hill Dr,Oakwood,71681,Condo,5,2.5,1661.0,490435.0,1979.0,Seaside,Sold,2026-03-12,AGT-020
PROP-0335,9960 Park Blvd,Parkview,73483,Condo,3,3,,1205811.0,,Greenfield,Pending,2026-03-08,AGT-007
PROP-0336,1560 Hill Dr,Oakwood,59153,House,1,2.5,4411.0,1351121.0,,Oakwood,Sold,,AGT-020
PROP-0337,3736 Hill Dr,Parkview,16368,House,4,1,1436.0,,2006.0,Riverside,,2026-01-09,AGT-017
PROP-0338,4909 Oak Ave,Parkview,37424,Apartment,3,3,4931.0,405493.0,2001.0,Greenfield,Sold,2026-02-23,AGT-001
PROP-0339,4278 Main St,Springfield,55004,House,2,2.5,3957.0,182230.0,1987.0,Oakwood,Sold,2025-04-06,AGT-015
PROP-0340,7345 Main St,Oakwood,93869,Condo,1,2,3230.0,612092.0,1968.0,Riverside,For Sale,2025-05-08,
PROP-0341,6097 Main St,Oakwood,98652,House,5,3,4513.0,981635.0,1982.0,Hillside,Sold,2025-08-25,
PROP-0342,4880 Hill Dr,Parkview,66985,House,4,2,4906.0,797534.0,,Downtown,For Sale,2025-08-04,AGT-013
PROP-0343,8039 Main St,Oakwood,60069,House,4,2,2943.0,1415609.0,2011.0,Oakwood,Pending,2025-12-09,AGT-015
PROP-0344,5076 Oak Ave,Riverside,62326,,5,4,2089.0,454958.0,1998.0,Greenfield,For Sale,2025-04-27,AGT-019
PROP-0345,3519 Oak Ave,Riverside,91061,Apartment,3,2,2743.0,320956.0,1959.0,Greenfield,For Sale,2025-04-22,AGT-006
PROP-0346,349 Oak Ave,Oakwood,33398,,3,2,3983.0,1005754.0,2006.0,Greenfield,For Sale,,AGT-016
PROP-0347,870 Park Blvd,Oakwood,60861,Condo,3,4,4016.0,1076694.0,2007.0,Riverside,For Sale,,AGT-009
PROP-0348,4463 Main St,Parkview,85897,House,3,3,3582.0,1369309.0,2005.0,Oakwood,For Sale,2025-07-13,AGT-017
PROP-0349,1177 River Rd,Riverside,91905,Condo,3,1,2953.0,1279004.0,1969.0,Downtown,Pending,2025-10-16,AGT-012
PROP-0350,8680 Park Blvd,Riverside,78577,Condo,4,1,1025.0,171042.0,1974.0,Greenfield,Pending,2026-01-15,AGT-012
PROP-0351,6644 Hill Dr,Springfield,75641,Apartment,4,1,1487.0,1128582.0,1970.0,Hillside,Pending,2025-08-22,AGT-019
PROP-0352,7096 Oak Ave,Parkview,19078,House,5,2.5,2953.0,,2019.0,Seaside,Pending,2026-01-26,AGT-004
PROP-0353,4630 River Rd,Springfield,35003,Condo,3,2,2326.0,964811.0,1968.0,Seaside,For Sale,2025-07-27,AGT-015
PROP-0354,6981 Oak Ave,Riverside,72768,House,4,1,3696.0,1158314.0,2014.0,Oakwood,Pending,,AGT-006
PROP-0355,6341 Oak Ave,Parkview,61047,Condo,4,,4935.0,588963.0,1991.0,Hillside,For Sale,2025-12-21,AGT-016
PROP-0356,7041 Park Blvd,Oakwood,81626,Townhouse,3,2.5,4602.0,351904.0,1989.0,,For Sale,2025-12-04,AGT-007
PROP-0357,1431 Main St,Parkview,67660,Condo,4,1.5,1644.0,155730.0,2004.0,,Sold,2025-05-27,AGT-007
PROP-0358,4361 Main St,Oakwood,59786,Condo,2,2.5,1246.0,1400786.0,,Hillside,For Sale,2025-08-17,AGT-020
PROP-0359,9650 River Rd,Oakwood,11925,Condo,3,3,3909.0,495430.0,,Oakwood,Pending,2026-03-07,AGT-012
PROP-0360,4737 Oak Ave,Parkview,93976,Condo,2,1,1026.0,558213.0,2005.0,,For Sale,,
PROP-0361,7830 Main St,Oakwood,36015,Apartment,3,2,3759.0,850399.0,2019.0,Downtown,Pending,2025-03-25,AGT-019
PROP-0362,2280 Hill Dr,Springfield,43320,Apartment,3,3,4579.0,997405.0,2022.0,Oakwood,Sold,2025-07-24,AGT-019
PROP-0363,7143 Oak Ave,Riverside,74881,,4,2,3677.0,,,Downtown,For Sale,2025-05-01,AGT-003
PROP-0364,6427 Main St,Oakwood,36289,Apartment,,2.5,3724.0,201413.0,1956.0,Parkview,Pending,2025-06-08,AGT-011
PROP-0365,5549 Main St,Springfield,13389,Condo,4,2,2052.0,1454295.0,1991.0,Downtown,For Sale,,AGT-017
PROP-0366,3679 River Rd,Oakwood,35683,Townhouse,4,1,2681.0,1471024.0,1969.0,Oakwood,Sold,2025-03-23,AGT-009
PROP-0367,4264 Oak Ave,Riverside,23629,Condo,3,1.5,4003.0,560226.0,1976.0,Riverside,For Sale,2025-04-30,AGT-015
PROP-0368,8041 Hill Dr,Springfield,71550,House,4,2,3692.0,330074.0,2012.0,Parkview,Sold,2025-09-18,AGT-005
PROP-0369,5669 Hill Dr,Riverside,34826,Apartment,1,1.5,4062.0,958524.0,1968.0,,Sold,2025-06-19,AGT-008
PROP-0370,6369 Park Blvd,Riverside,36630,House,2,1,1019.0,792510.0,1988.0,Midtown,For Sale,2025-09-24,AGT-010
PROP-0371,2006 Main St,Springfield,56163,Villa,3,3,2466.0,408360.0,2020.0,Greenfield,,,AGT-003
PROP-0372,7930 Park Blvd,Springfield,76435,Condo,3,,3585.0,446794.0,1985.0,Seaside,Pending,2025-06-25,AGT-008
PROP-0373,6131 River Rd,Springfield,21653,Townhouse,1,3,3094.0,778177.0,,Downtown,Pending,2025-07-04,AGT-009
PROP-0374,8572 Park Blvd,Parkview,37961,Townhouse,2,4,2853.0,1424535.0,,Riverside,Pending,2025-04-04,AGT-012
PROP-0375,1987 Park Blvd,Springfield,91941,Apartment,2,1.5,4482.0,668490.0,,Greenfield,For Sale,2025-12-30,AGT-018
PROP-0376,766 Hill Dr,Springfield,84137,Townhouse,,,1498.0,703608.0,,Oakwood,Sold,2025-08-12,AGT-002
PROP-0377,771 Oak Ave,Springfield,43662,Townhouse,3,1.5,1626.0,1411368.0,1978.0,Downtown,For Sale,2025-09-12,AGT-019
PROP-0378,6877 Park Blvd,Springfield,66446,House,3,,4708.0,845385.0,2000.0,Seaside,For Sale,2025-10-27,AGT-018
PROP-0379,7670 Hill Dr,Oakwood,31288,Condo,2,,4216.0,723228.0,,Hillside,,2025-06-25,AGT-018
PROP-0380,5224 Oak Ave,Parkview,46877,House,4,3,,590420.0,1991.0,Hillside,Sold,2026-01-09,AGT-017
PROP-0381,4877 Hill Dr,Riverside,25313,Townhouse,2,,3609.0,915328.0,1961.0,,Sold,2025-04-03,AGT-020
PROP-0382,6777 Hill Dr,Springfield,90885,Condo,2,2.5,4277.0,725425.0,,Greenfield,For Sale,,AGT-013
PROP-0383,7081 Main St,Oakwood,82715,Townhouse,3,2,3486.0,651233.0,1972.0,Oakwood,Sold,2025-11-18,
PROP-0384,6476 River Rd,Oakwood,20326,House,1,2,1075.0,1439546.0,1981.0,,For Sale,2026-01-09,AGT-002
PROP-0385,2493 Oak Ave,Oakwood,11560,House,1,2.5,1136.0,1152021.0,1964.0,Seaside,For Sale,2025-05-18,AGT-004
PROP-0386,7340 Oak Ave,Riverside,89148,Townhouse,2,1,4768.0,939313.0,,Midtown,For Sale,2025-09-06,AGT-004
PROP-0387,6290 Main St,Springfield,93186,House,1,2.5,3929.0,548838.0,1984.0,Downtown,Sold,2025-09-18,AGT-008
PROP-0388,6593 Park Blvd,Parkview,36745,House,2,,4557.0,637063.0,1969.0,Riverside,Sold,2026-03-10,AGT-010
PROP-0389,2978 Hill Dr,Parkview,41890,House,3,1.5,1114.0,,1998.0,Seaside,For Sale,2026-01-31,AGT-010
PROP-0390,4532 Oak Ave,Oakwood,30022,,4,3,3546.0,746860.0,1959.0,Greenfield,Pending,2025-08-16,AGT-003
PROP-0391,1376 River Rd,Riverside,62579,Townhouse,3,4,2320.0,986642.0,2008.0,Seaside,For Sale,2025-06-16,AGT-010
PROP-0392,402 Oak Ave,Riverside,80316,Condo,3,4,2524.0,172499.0,1967.0,Riverside,Sold,2025-10-18,AGT-020
PROP-0393,8250 Oak Ave,Riverside,93847,House,2,,3873.0,636525.0,1981.0,Downtown,,2025-12-31,AGT-002
PROP-0394,464 Oak Ave,Parkview,38380,Condo,5,2.5,1712.0,293704.0,1967.0,Greenfield,Sold,2025-06-23,AGT-008
PROP-0395,4721 Park Blvd,Oakwood,12356,Apartment,3,,4908.0,215756.0,1998.0,Riverside,Pending,2026-01-21,AGT-011
PROP-0396,5226 Park Blvd,Springfield,80326,Townhouse,1,3,2556.0,1320473.0,1993.0,Parkview,Off Market,2025-09-08,AGT-018
PROP-0397,1746 Park Blvd,Parkview,99899,House,4,1.5,4209.0,1193361.0,1983.0,Downtown,Sold,2025-05-04,AGT-014
PROP-0398,5970 River Rd,Oakwood,30049,House,2,2,2447.0,853335.0,1967.0,Downtown,Pending,2025-12-24,AGT-015
PROP-0399,8272 Oak Ave,Oakwood,85717,House,3,3,3783.0,1280017.0,,Seaside,Pending,2025-06-14,AGT-012
PROP-0400,7773 Park Blvd,Springfield,26082,Townhouse,3,1.5,942.0,1436188.0,1958.0,Seaside,For Sale,2026-02-24,
PROP-0401,2006 Main St,Springfield,10661,Apartment,5,2.5,3561.0,1138793.0,2021.0,Hillside,For Sale,2025-09-22,AGT-018
PROP-0402,5850 Hill Dr,Springfield,47412,House,3,3,3231.0,287263.0,1984.0,Riverside,Off Market,2025-07-26,AGT-019
PROP-0403,9005 Main St,Riverside,12920,House,4,1.5,,1052153.0,1963.0,Midtown,Pending,2025-09-08,AGT-005
PROP-0404,1396 Oak Ave,Springfield,70315,House,,2.5,3496.0,697571.0,1953.0,Riverside,For Sale,2025-05-20,AGT-003
PROP-0405,225 River Rd,Oakwood,89561,,2,3,3872.0,252780.0,2013.0,Parkview,Sold,2026-02-13,AGT-012
PROP-0406,4732 Main St,Springfield,18946,House,2,2,4591.0,967166.0,2015.0,,Pending,2026-01-26,AGT-019
PROP-0407,3696 River Rd,Oakwood,55500,Apartment,3,1,2606.0,1003159.0,1971.0,Riverside,Sold,2025-03-29,AGT-012
PROP-0408,6268 River Rd,Parkview,26309,Townhouse,3,1,4108.0,483977.0,1997.0,Greenfield,Sold,2025-04-23,AGT-001
PROP-0409,7661 Park Blvd,Riverside,65230,Condo,3,2,3751.0,658175.0,1987.0,Riverside,Pending,2025-04-18,AGT-008
PROP-0410,332 Hill Dr,Parkview,40027,House,5,4,2144.0,1335656.0,,Parkview,Sold,2025-08-12,AGT-007
PROP-0411,9461 River Rd,Parkview,82541,House,4,1.5,3913.0,246502.0,1950.0,Oakwood,Sold,2025-06-09,AGT-020
PROP-0412,4306 Oak Ave,Oakwood,69321,Townhouse,4,2.5,3462.0,582206.0,1961.0,,Pending,2025-08-04,AGT-015
PROP-0413,8043 Main St,Parkview,10956,Apartment,3,1.5,2304.0,841804.0,1999.0,Hillside,Pending,2026-02-28,AGT-005
PROP-0414,6991 Park Blvd,Oakwood,84131,Townhouse,4,2,1532.0,485468.0,,Oakwood,Sold,2025-05-31,AGT-002
PROP-0415,2572 Hill Dr,Springfield,57908,Condo,,3,1223.0,630350.0,1967.0,,For Sale,2025-10-05,AGT-017
PROP-0416,2839 Oak Ave,Springfield,88339,House,4,3,1292.0,1460786.0,1966.0,Parkview,Sold,2025-09-01,AGT-020
PROP-0417,1861 Park Blvd,Oakwood,35963,,1,1,2056.0,,2011.0,Parkview,,2025-06-23,AGT-002
PROP-0418,976 Hill Dr,Springfield,49443,Apartment,4,2,2986.0,1025817.0,,Hillside,For Sale,2026-02-04,AGT-001
PROP-0419,9604 Hill Dr,Riverside,49063,House,1,1,4020.0,400231.0,1983.0,Seaside,For Sale,2025-12-03,AGT-009
PROP-0420,1833 River Rd,Parkview,90818,,2,2,1886.0,691220.0,,Downtown,Sold,2025-03-23,AGT-002
PROP-0421,7086 Main St,Riverside,14703,Townhouse,1,3,,1128935.0,2007.0,Downtown,Pending,2025-04-09,AGT-010
PROP-0422,8534 Hill Dr,Parkview,75128,Townhouse,4,1,2842.0,,1983.0,Parkview,For Sale,2026-01-09,AGT-017
PROP-0423,9211 Oak Ave,Springfield,82099,Townhouse,4,2,4018.0,1454309.0,2019.0,Hillside,For Sale,2025-11-30,AGT-018
PROP-0424,8759 River Rd,Riverside,35849,Apartment,2,2,1851.0,1084678.0,1981.0,Greenfield,For Sale,2025-06-22,AGT-016
PROP-0425,8295 Main St,Springfield,41860,Townhouse,3,4,3990.0,340271.0,2023.0,Greenfield,Pending,2025-04-08,AGT-019
PROP-0426,2651 Park Blvd,Parkview,41585,House,3,,4597.0,997516.0,,Seaside,For Sale,2026-03-13,AGT-006
PROP-0427,5660 Oak Ave,Oakwood,32015,Condo,3,1,4547.0,805538.0,,Midtown,For Sale,2026-02-20,
PROP-0428,946 Park Blvd,Oakwood,87539,Villa,2,3,1107.0,167118.0,1966.0,Seaside,Sold,2025-07-17,AGT-013
PROP-0429,6416 River Rd,Riverside,53585,House,3,2,3976.0,1468321.0,2015.0,Riverside,Pending,2025-06-26,AGT-006
PROP-0430,6569 Oak Ave,Springfield,36958,Condo,4,2,3547.0,1296038.0,,Midtown,Sold,2026-03-21,AGT-003
PROP-0431,9433 River Rd,Springfield,36017,Condo,1,3,2178.0,1463804.0,1966.0,Riverside,For Sale,2025-05-07,
PROP-0432,9015 Main St,Riverside,86707,Condo,1,4,2761.0,937163.0,2018.0,Hillside,Sold,,AGT-001
PROP-0433,4308 River Rd,Oakwood,55350,Townhouse,3,,3456.0,413749.0,1958.0,Midtown,,2025-06-16,AGT-012
PROP-0434,2148 Oak Ave,Parkview,22201,Villa,5,2.5,4805.0,1242706.0,1970.0,Parkview,Sold,2025-08-13,AGT-008
PROP-0435,9865 Hill Dr,Riverside,39426,House,4,2,,1004901.0,1953.0,Greenfield,,2025-08-28,AGT-007
PROP-0436,2017 Park Blvd,Parkview,27778,House,4,3,,1400258.0,1952.0,Riverside,Pending,2026-03-19,AGT-004
PROP-0437,7088 Park Blvd,Oakwood,55241,House,3,2,4158.0,659394.0,1989.0,Seaside,For Sale,2025-07-09,AGT-018
PROP-0438,3844 Oak Ave,Springfield,52229,Apartment,3,2.5,3596.0,694061.0,1984.0,Downtown,Sold,2026-01-08,AGT-016
PROP-0439,109 Hill Dr,Oakwood,96652,Townhouse,1,2,2073.0,463559.0,1989.0,Seaside,For Sale,2025-04-20,AGT-010
PROP-0440,6138 Oak Ave,Riverside,58364,House,4,3,,734718.0,,Midtown,Sold,,AGT-004
PROP-0441,2319 Oak Ave,Springfield,94878,Apartment,5,1.5,,247206.0,1962.0,Parkview,For Sale,,AGT-007
PROP-0442,2160 Oak Ave,Riverside,67056,Apartment,4,1.5,1715.0,557821.0,1966.0,Hillside,For Sale,2025-11-02,AGT-019
PROP-0443,1719 Main St,Riverside,37490,Apartment,5,4,3881.0,1168725.0,1951.0,Downtown,Off Market,2026-01-12,AGT-016
PROP-0444,1442 Hill Dr,Oakwood,29975,Villa,4,1,1828.0,919565.0,,Downtown,For Sale,2025-09-06,AGT-011
PROP-0445,2932 Main St,Riverside,36723,House,2,2.5,4154.0,694999.0,2001.0,Seaside,Pending,,AGT-004
PROP-0446,2094 Park Blvd,Oakwood,33279,Apartment,5,1.5,,356555.0,1971.0,Greenfield,For Sale,2025-06-03,AGT-013
PROP-0447,9410 Main St,Springfield,88301,Condo,1,1,,1418306.0,2004.0,Riverside,For Sale,2025-11-15,AGT-004
PROP-0448,1704 River Rd,Oakwood,21561,Apartment,3,1,4564.0,1095854.0,2009.0,Midtown,Pending,2025-05-02,AGT-009
PROP-0449,335 Oak Ave,Springfield,76061,Townhouse,2,1.5,3198.0,1101302.0,2018.0,Greenfield,Sold,2025-06-08,AGT-006
PROP-0450,2008 Park Blvd,Oakwood,98397,Apartment,1,4,4982.0,160785.0,1988.0,Parkview,Pending,2026-02-03,AGT-005
PROP-0451,5356 Oak Ave,Parkview,59153,Townhouse,3,2,928.0,998389.0,,Seaside,For Sale,,AGT-005
PROP-0452,2735 Park Blvd,Parkview,43142,House,2,,2401.0,1008326.0,,Midtown,Sold,2026-01-22,AGT-009
PROP-0453,9862 Main St,Riverside,36916,Condo,3,2.5,1427.0,300653.0,1962.0,Hillside,Pending,2026-01-17,AGT-010
PROP-0454,5515 River Rd,Oakwood,74324,,3,2,2844.0,540992.0,2006.0,Hillside,Sold,2026-02-13,AGT-010
PROP-0455,6051 Hill Dr,Oakwood,54965,Villa,1,2.5,3141.0,374737.0,1994.0,Downtown,Sold,,AGT-010
PROP-0456,8107 Park Blvd,Springfield,14648,House,2,2.5,1049.0,536213.0,,,,2025-03-31,AGT-017
PROP-0457,9164 Hill Dr,Riverside,45133,House,3,3,1774.0,,1960.0,Greenfield,Sold,2025-10-16,AGT-006
PROP-0458,6513 River Rd,Oakwood,60677,House,3,2,1783.0,1313951.0,2005.0,Midtown,Off Market,2026-02-03,AGT-015
PROP-0459,7041 Park Blvd,Riverside,80135,Townhouse,4,2,2917.0,1027751.0,1983.0,Downtown,Pending,2026-01-26,AGT-019
PROP-0460,4920 Hill Dr,Parkview,45046,Apartment,4,4,2126.0,1072426.0,1980.0,Oakwood,Pending,2026-01-13,AGT-004
PROP-0461,2998 Park Blvd,Oakwood,57064,House,4,4,,202949.0,2020.0,Downtown,For Sale,2025-12-24,AGT-016
PROP-0462,177 Oak Ave,Oakwood,79350,Condo,4,4,4859.0,1159260.0,2019.0,Downtown,For Sale,,AGT-019
PROP-0463,4327 Main St,Riverside,55893,Apartment,3,2,2486.0,1346222.0,1981.0,Seaside,Pending,2025-08-01,AGT-010
PROP-0464,1165 Main St,Oakwood,71272,Townhouse,4,3,4423.0,867186.0,1999.0,,For Sale,2025-10-27,AGT-006
PROP-0465,9610 Park Blvd,Riverside,77649,Condo,2,2,1808.0,1458166.0,1961.0,Greenfield,For Sale,2026-03-21,AGT-016
PROP-0466,7904 Main St,Oakwood,74674,Townhouse,3,2,,1273270.0,,Seaside,For Sale,2025-10-29,AGT-019
PROP-0467,5242 Main St,Springfield,23760,Condo,4,1.5,2852.0,1480728.0,1960.0,Downtown,For Sale,2026-01-21,AGT-017
PROP-0468,2812 Main St,Riverside,31927,House,3,2.5,,500068.0,1972.0,Hillside,Off Market,2025-04-25,AGT-015
PROP-0469,1348 Oak Ave,Oakwood,96475,Townhouse,4,1.5,,876499.0,,Hillside,Pending,,
PROP-0470,2097 Hill Dr,Parkview,71367,Townhouse,4,2,2060.0,1253546.0,1951.0,Midtown,Sold,2026-02-08,
PROP-0471,3787 Park Blvd,Oakwood,22588,Apartment,5,4,4068.0,554911.0,2021.0,Midtown,For Sale,2025-09-26,AGT-003
PROP-0472,2070 Park Blvd,Parkview,62233,Townhouse,5,1.5,,1319070.0,2001.0,Oakwood,Pending,2025-10-04,AGT-001
PROP-0473,1302 Oak Ave,Parkview,54738,Apartment,3,1,1159.0,321277.0,1954.0,Oakwood,Sold,2025-04-21,AGT-018
PROP-0474,5667 River Rd,Springfield,43397,House,3,1,,1210092.0,,Downtown,,2025-10-26,AGT-019
PROP-0475,5842 Hill Dr,Riverside,92189,Condo,3,4,2811.0,333163.0,1986.0,Hillside,Sold,,AGT-006
PROP-0476,5508 River Rd,Oakwood,86367,House,3,2.5,4806.0,1377414.0,2013.0,Oakwood,For Sale,2026-01-02,AGT-001
PROP-0477,8769 Park Blvd,Springfield,81260,House,4,2,1690.0,788453.0,1991.0,Downtown,Sold,2026-01-17,AGT-015
PROP-0478,519 Hill Dr,Oakwood,86619,Townhouse,4,3,1531.0,644670.0,1993.0,Oakwood,,2025-09-03,
PROP-0479,1220 Hill Dr,Parkview,29816,,4,3,3304.0,973857.0,1965.0,Greenfield,Sold,2025-12-24,AGT-019
PROP-0480,1050 Main St,Riverside,52240,House,3,2,,370935.0,,Parkview,Sold,2025-06-25,AGT-010
PROP-0481,5473 River Rd,Oakwood,16276,Condo,2,3,2519.0,1154221.0,,Downtown,For Sale,,AGT-001
PROP-0482,2745 Oak Ave,Oakwood,89530,Apartment,3,3,2387.0,642503.0,1962.0,Riverside,Pending,2026-01-08,AGT-017
PROP-0483,4712 Park Blvd,Parkview,33499,House,2,3,,618668.0,2008.0,Oakwood,Pending,2026-02-20,AGT-010
PROP-0484,1965 Main St,Oakwood,98576,Townhouse,5,1.5,1077.0,1490144.0,2002.0,Oakwood,For Sale,2025-05-25,
PROP-0485,6128 River Rd,Oakwood,92495,Townhouse,3,4,2958.0,191505.0,,Hillside,Sold,2025-10-14,AGT-018
PROP-0486,6459 River Rd,Parkview,81635,Townhouse,2,2.5,4062.0,1261275.0,2010.0,Parkview,For Sale,2025-07-29,AGT-017
PROP-0487,7963 Hill Dr,Springfield,95112,House,1,2,2249.0,1050444.0,,Parkview,For Sale,,AGT-008
PROP-0488,3819 Hill Dr,Parkview,45946,Condo,4,2,2032.0,1160165.0,,Midtown,For Sale,,AGT-016
PROP-0489,2471 River Rd,Springfield,65204,Apartment,4,1,,428518.0,,Hillside,For Sale,2026-01-02,
PROP-0490,3856 Oak Ave,Riverside,61886,Townhouse,3,1,4558.0,957461.0,1991.0,Midtown,Sold,,AGT-003
PROP-0491,194 Park Blvd,Springfield,81652,House,1,3,,1312586.0,2008.0,Hillside,For Sale,2025-07-19,AGT-005
PROP-0492,6998 River Rd,Springfield,25563,Apartment,3,1,1456.0,673472.0,2002.0,Downtown,For Sale,2025-09-01,AGT-005
PROP-0493,893 Park Blvd,Riverside,19847,House,3,2,1389.0,297032.0,1975.0,Parkview,Pending,2025-06-04,AGT-017
PROP-0494,2216 River Rd,Springfield,36155,Townhouse,4,2.5,2062.0,607820.0,1968.0,Parkview,Sold,2025-11-24,AGT-002
PROP-0495,6266 Oak Ave,Parkview,89671,House,4,1,4380.0,427948.0,2003.0,Greenfield,Sold,2025-04-26,AGT-020
PROP-0496,8654 River Rd,Springfield,93310,,3,,2576.0,309204.0,2000.0,Midtown,Sold,2025-03-27,AGT-016
PROP-0497,7883 Oak Ave,Riverside,77278,Condo,2,1.5,1815.0,1479785.0,1952.0,Greenfield,Sold,2025-11-26,
PROP-0498,1084 Main St,Parkview,28309,Condo,,2,4901.0,814490.0,1978.0,Greenfield,For Sale,2025-11-28,AGT-017
PROP-0499,7890 River Rd,Riverside,10619,House,3,2,1206.0,1436585.0,2007.0,Seaside,Pending,2025-05-25,AGT-016
PROP-0500,3631 River Rd,Riverside,93194,Condo,4,1.5,3876.0,,,Parkview,For Sale,,AGT-015
PROP-0362,2280 Hill Dr,Springfield,43320,Apartment,3,3,4579.0,997405.0,2022.0,Oakwood,Sold,2025-07-24,AGT-019
PROP-0074,5550 Oak Ave,Springfield,83781,Condo,2,2,2141.0,1238129.0,2007.0,Riverside,Sold,2025-10-09,
PROP-0375,1987 Park Blvd,Springfield,91941,Apartment,2,1.5,4482.0,668490.0,,Greenfield,For Sale,2025-12-30,AGT-018
PROP-0156,3427 Park Blvd,Oakwood,59138,Townhouse,2,1.5,3654.0,1094740.0,1998.0,Downtown,Pending,,
PROP-0105,7198 River Rd,Springfield,27602,House,3,4,3226.0,677409.0,1985.0,Hillside,For Sale,,AGT-007
PROP-0395,4721 Park Blvd,Oakwood,12356,Apartment,3,,4908.0,215756.0,1998.0,Riverside,Pending,2026-01-21,AGT-011
PROP-0378,6877 Park Blvd,Springfield,66446,House,3,,4708.0,845385.0,2000.0,Seaside,For Sale,2025-10-27,AGT-018
PROP-0125,1748 River Rd,Riverside,51755,House,3,3,2711.0,578638.0,1978.0,Parkview,For Sale,2026-01-20,AGT-020
PROP-0069,6768 Park Blvd,Parkview,37376,Condo,4,3,927.0,,1968.0,Greenfield,Sold,2025-06-16,AGT-016
PROP-0451,5356 Oak Ave,Parkview,59153,Townhouse,3,2,928.0,998389.0,,Seaside,For Sale,,AGT-005
